{"file_hashes":[{"block_hashes":["jNxJvp4tTAIuVHbA57odUZvg0ZxbOwpYDo/dy3GaZ2I="],"block_size":4096,"path":"_locales/en/messages_canary.json"},{"block_hashes":["RD5vdHRnjOEeJH6oyrG5Z/yg196LiT3M9iii1LSaPfw="],"block_size":4096,"path":"images/fail.svg"},{"block_hashes":["tag5WzJJOg/wQuSkZQXdzk//fL/gAnYT/nB0YXZDWv0=","v3V3GGDI7AH23lITzZtNMCplB6xFaK9GRfBU/y8nVxw=","x200TdfaPcoJksYivpmWt8++gUs8n/OKLKv95YzWZNI=","628vOL8JUqjoBbt0IKUz123Y2IUq6MAgZ0R3TsGwR7s=","WZrNPWBymkeo6Q4JVXDrn23tJuNtS/fDGHk5TN7Jlvo=","w3FbOcALDioMGf/govNruu+FErvsWWkP0elCPS/CUoM=","XvZmAKzDeHLsT/9K/TbQZYycPWeLG34JNQy6QG3khrM=","f2UaH+1CFX4ceFRV3mfxRCf80ZPhwfYaM/6dBg8Tr+s="],"block_size":4096,"path":"images/lh_logo_bg_no-light.png"},{"block_hashes":["7ouGSL8wm2HCMKLJCcevRvqkUZYahPymtZ259nExpl4=","kj25yvw8vlhst5imB9I3aFub1v2TXSArkUoJuD1V5rQ=","HPUAjerDd9i6B/tm+HdsaqsypYavCc5PiwxY95pMpek=","xvr40JFgyDImZP0wzHt1xDaBaTjE4Dj2dxDiNvD/mbA=","UiXcAuDaZucIrdOb++1LKMP7lvIbyIeY5n6xnxvyGwk=","2TSdVa13a0gNat9NqVF6caPEs34ezNyWV1rr7L5gYQQ=","lbNlK5buDZfNMrcv8NLylIoIrKda2ZFjYyuc4qedxL8=","5e+SpUxATeaX+WIH8rVS35IM7vzTNRUtKD26+enzZeA=","UjqS+U0/6SvkPWn8ttE4rcRGcdx0Bo3zKGtu9s25ZZE=","5C1d1Cs1SETGdwm5zXTjsddVKfgsM8s9ScSUEkhU0KQ=","VXEYQiSmAKn5GrEKiQhpRl6Uhnu4ZG9xI9Th5fGsTjU=","4hUrhBYJ9YGQLR9/ROpTEQjMdlDqGzevGsfMiLGMwK8=","4hAcwM65LfR/rrjsGcH0skXAxu+MwW3Wk9Mm30aE3eA=","FAkR3I2Z6A1xBOimQf4fav3/aNVaAqegBLIxbT8HFRA=","PUQYgm12u0tfaYZGqNzevf+rh/QihTHt1t/+TP0JBeI="],"block_size":4096,"path":"images/lh_logo_canary_bg.png"},{"block_hashes":["P89HbzEchuM6XcXZwKuyWNVg/0NtoeqrzJFDbEkmUto=","UiL2te4B9qNjDDUA8/3pKAyCdODqf6V9Vrry1Ly3ZpQ=","ZpPFVerggiiQ7U4bIZMngcdlTVOgKdy+eM7lCzM2Gk0=","N7sgh+CYCVxHyppLApg5EYjcEWNf9o0HwSGDQ/U87iw=","uGx+dXfkj7To1PTIaqDGtnBW4xnnjgeJXt+HhPvkD1Y=","SnQOu1bgZO94zz2FB0UNZ8KeFDBEGr11f37eUfxpe7g=","0GaI6FC0H7kiQ9s5aNnntXXkykJvi2/JSSzAdksBo4w=","oNNp38aFdUB11pzQyqmTPYWw1S5AzT79OG9F6QqpSYE=","dDZWFyjSl/Fi7bJgebsMlka82DJ5QA+cFxaN8GLHvX0=","XZDzyA+ljG0NeR1rIGWdsWz9mKGz9awEVPRncQnrvcg=","ysW3CQegFhp75BK/uFnK6kNZDXbtW/KnOBrKnf6BUIw="],"block_size":4096,"path":"images/lh_logo_canary_icon.png"},{"block_hashes":["IpZfe0/TCM3YUyuJVrHt9XQj6Xk+GcjpODmIllUNj1I="],"block_size":4096,"path":"images/lh_logo_icon_light.png"},{"block_hashes":["3GqQxCRqy9WSb+lGXe2SrOaq/NJCe9pYG51RKs2jms4="],"block_size":4096,"path":"images/pass.svg"},{"block_hashes":["z5tHJey1YbZomv4jZ4h9pf/gYf7xTHinZIm5M+RvZa4="],"block_size":4096,"path":"images/verified.svg"},{"block_hashes":["GERFCrDwUp6Kw4/dDpLXrfyCrK6R8LL1v/srHkCwBDE="],"block_size":4096,"path":"popup.html"},{"block_hashes":["5sPnlrHVm+TR+qS0YO49EAQenaCYZpnZRKv7aZzXt48=","HmqrWGT2S5ixMmzUNuM1BMGgKupxuSmIdM8Ws6ids8U=","3ttnl/7YikBPyBr7iGCoNChJO+xoDjqktMlFvlegb24=","wm+kflpnlGlzZ1s6HQSGfBsU0H8xyAMo/socICH3CMY=","QiEYHoRSAUM3r0gtMK3MXxsgdYkg2ch9Z7/CTmc+nMk=","4Vt57iHRRMRfC44zyUA9PMRSnybFcOtObW6ETZCSsqY=","KRdsqouCN5ssQ/4VBYEgNqRd1ZpYWolUgRbSMeGXk6g=","or1NkQjwjv6RogVjSL+eG6lTvZ3d2eH1EFX8zmLR6GE=","yJIWTQYQZbakKQ/d6gRX5nOU1bdI3Pn7ll3dlEXPWfM=","4xqjnaZxp7GyvflWZB41R98W6ZbjhpltHZMqV6FzU3Q=","Zz9PDIcT/KaFEAfp/FBfu1Rd28MJhInhDpvLzYF/qNc=","AOUM0oHLd062P5aNaoPHQT36zfusj23s+jxUr7Nhuf0=","iDXaiDP7IR7yDxJJG+CigHG00w/7gdjJic4ithGAxVU=","xDO054MRkNd6beI5/MSxMMTxDlFhwrlA83xfsu/e/B8=","niAVSaBRbstPQgy+vyMCK2rkASLNRBUtVT5Hw77GHXo=","JynmSDXzVFLmco/KQBvQsmpwZjeRY+jzB4uvT43Wywk=","iZEYES3kNzQn4R3hXt2yxI3W6yIUW1kv5XQlEGKrOAI=","hMq1rh18qDpvtwB4iSkqV1ps0TG9MDjOYCEuWwlkvDc=","khrPGPB/xysyskco+p9EJp6d5ysLVz1KDGgQppIQNzI=","gW7Hd9WPJ218j8p/E2Jv4XuLQEWPfLYM0daQDDHCzEk=","3vnLR1kixWmgnwyUkmzRXi7jOEHfQHNiPEijM99zjnc=","547FmHcIT2Z1vwMkdfSw86S3vjH644WHA9lIjV+3OYA=","57nQZtw7doCp6zrn3xHxkKykpAbtFCOalXJvt904qvA=","P9bm9hh50HxzJqfEmajG/i3j/rAWs31xk1a3dEo4oS8=","1UudxtMLi3uu74wZf88sK+f763F/xvq0XFJ/khGzBzY=","3+aliQzL7gKfO22SpgwgFOlPNB7cmQeVU1Mouo/0D0s=","HNQZoj4rV91WTzbCiRZ1DGAxH5zMtF6OLTYDlkqwX7s=","DOH7NsqNNE5htBC1QV+TJc5sFwxbcA6NuCC4sHepUj8=","q4vDXdQFEsq9Ri0dmw5ndFej32Auzo4qB3+dafXI8YU=","1KV8v3hvLXJKytPvsGncridBs7nqhtBr1DW7tYczBcg=","iIQSckQAanBeMopjoG8hmCSfjJ9vupZcqW71XuIf4tQ=","Q1DqYAwcWVZIGBC0DLRJGz2YxvXjiIpnKESIVtp3IoM=","CYhhTmPiLefsGWNyhLdDJhuh1X38eXcpwne9QHMpGuI=","uOlvWzof1fhmTCwfvq6BLCywCCNxTzLLGw5YsPuOPrU=","z1vv8W3PeNru2z+ZfPCKZhZutwBFSXti2jxyufE7KC8=","PWVnFAcULyk+D0M7tkT7FAMSuOE6ngfBOGWGJ/w8FDc=","FZJd4wcjuJyz1/6Wpl5CbS9fky7UQ8SCWucNUJhkl6M=","V6OmTnrOt9N6Ly1a6R82ho6hOrdRb31KQCw94S+u3ys=","iKG44+BcZfC24pWbnssYdnCF+wTMCALNtL9IyKYXADo=","dZdmUDcb/Zcx1OJsuDM5ZMf2ANuht0JZOP4YWmiccEU=","B21Y3SoFrFXmCfGQEbFNAbBTubJetWyalS5iWoCalaE=","FPrDLzG363A3cMk59NMSfMN8xAxJLDxWn82O14u582U=","1gNFmOY8fOD3nM3BcwLSTCF+LlArZwLei59tN0IKzXs=","gd4Gfr2eewfgg9h6YY2JVtIlUQUYaNxmmXVYije8VUc=","pgxqhK+1pJrE1WUjEjp5lPf4sbHGWVuZvb+NqEIzMug=","LllWu5QUC0J69X3eeFZKVayrtSrzQ2nmbbvvGigd6vg=","zSvLcqvivwe5dsY0FORewU7AbHhf5iGfG2/qIVTA2PM=","hbPRNL5kkvMzTmsfu2UpUTHomXRQ9ANjiRRjIgIip3s=","3k+kKEGzCt65NLsWNbVDblXXdPOwY2W++EPAOI+7LpU=","aOUnwaelIL4Ry6Jr9Pa/o6TImvBxtRaBQFK/B5nNN9g=","VlTCb/bP0uYglms32xntKI+U1rCotGwGaxjGCEYehP0=","V7baWM9IMZTaIYTMaUh0XDfvuLph4/S9Mp0ddxbtf/I=","eALAwTgLGKQRalud6yrnCx2wzBbpTQwNvjiULeqfO3g=","Pm5PqfB1iJ4y0ogVV9lOrkKtEiebgBZJ22O56IEieyo=","Cn6cDgXrjnR9CEvAgjy2ub6nqcxAHM+2evDhzF5FAGs=","wz0z6x2QOLtozh85awG5uHlJJBv8iZ6kDZAIuQxvgRs=","8+d8EunUjp3UhnUOd7/H+v+ZqVz/T27+cZtd4XCyeYI=","Gq+lORb2PM1cS3gIsxoA/5cQWlVyW020UFH38XdjvHE=","QU9gxuwZyhNchLd1Ks/1Txz5yWhnD8dR8AqdkCmeE2g=","4MfthwLRG+TLk6xPgyLdx8ryDKr/aAncg+ciY5HwnKU=","16Ow9GA6DTpfqdvdOe1PC8ZeUrLYtW3+z+Rb0ZReZyY=","YlGFbCTxBU0SYfgP4ouHIuKQV4xgLCLBs0c82TqYcMw=","qU/kzJCvTFrwauOEKOBAsZn6jjGJOX/G316tsNqS6V8=","NruBaxDbojDmbP2cadrdnAQwFqqn69e9ng4ksYAzCnY=","4yn7fgnL3Dd1ViAF/MDJA56/9rfzIW+Nh0kAyFGOrvg=","irnwWG2Lt+aPjTnm3xxqUQJ7iadL1I/6no7pHYkhBHA=","nbiOoT9JiqCeoLQTl1k2HscQ+xOjXcmZmyurul6f/Hc=","N6LrdUdVf6z5Cr03nNVejpIbURKglAmbuhAiREbcnQA=","Y5z1DJaLk2SHTWy52lfp3xU2RuKP8+mpw1SJUs9yvqw=","8/EhZAllRqnhSK9cn6G0DUOZMzOeUc6yIvmZB15TXa8=","ym3R3Sq/15YI0rXD2h0wGPQVbCrFengNMjWuDk/Godk=","yvk/Tla6Y6CwG5KQMAfSepEZYmLZPGDNDPHjWP2pXCo=","Xxtq8wJ4GwT1G6LRNWk/SjlzLiWJY6CtkC3DsX4onLQ=","Lu/iSFKihF/JsFXbEkgoXMYGx/z+TnlIQhr5tyTwTSQ=","7YIZdh4qEUG+dHRkmlBueN5LsySc2DezSH6NYuUigp4=","vSgR6T5DNfJieqfRaPGOItSWUlw3wC7vRorxkxTQco4=","kysgw1eCaQCO2qpTf7/U7dfKG8gM8FQaaFxgmMCRcgY=","MazhvulCpc2HkZvpJcysHIkiVc5L4Rk/IyfFNhCSo9g=","u8yWilnEABmrmmqwzVWZh0/RCkxWM6wwPDe8Yrps874=","tCAEeXPc6cNi4ODWH75eHal9h2EOP2ZM3X0JUFkdiDE=","KTeRYHWVuS77UbP3TzVq0nzRQuxKJXTcf+HJ4offABk=","8lBZ0vw8LKfdcNhG63xU7mWwFxZQ5694FSFxAEL7SWg=","hChrxKpGZB2B1p2YjivtO5Wl4Q1Hfgb1Cj5ZNylxCM8=","izybcw5jKfQ0SVCNgKmW10dNFTUYpVPlwAXQL5Vu3Co=","gInKU77gYqk9A7wpI3rX+YP/dl0a1g1vBduYXFLXDw0=","+p/iFQYjRFDnwr4qem/oAszBXMWaCvarsDdy+2FnkLM=","64ddNn6IwSRAMXb+kKoIGUBGnSwTQSkWOUq3ySnZijU=","pRXke8x6gu5WFN4rs7lfOFKJDouaqzBWNgOvSdxcwTE=","t8Ndl+0UJ+QGq0awUl+aiDTzd+mCmblBAYDHSRxTIRk=","Ao8p33vblJOd/VxPKX5EqQ2+yQSrPFTu6kq5Mfa6x70=","YhhJMDrT7/2AgAhWD2/0R7sRg3HZygMQ1ZEttR0s4NA=","7iIwBttuICv9pfsdR4a7lTSuU+np/3Zyq+ns6j/mcOI=","bKOVKyYx/x6PT1aTMsHC6Q+OSYUwf4Vr2wOPhZ262qE=","u2z19DvWaPGjJ4IstVJTOcf6OvjeJyIsLMQicUrbcmI=","2RAIxWwZCjdXCopWbSy+Zdk9+2p+0SIMZkrEHDEp1FI=","1+V2Kq6SqOMkqy67/DKFyHuQh71ACXDAhA3HZZHLBDg=","K74oWcD6O0wwC14/ihBBKahFcsSyy2ZjN4NDpVJJYdo=","ohkQ5IZ3JoHTreMar5a3UQ9WY+tFHjzkbjDVcJ3nBXo=","u2TtcwVgMtiTyztQREEfVgqv4HZqspA15eAQ/AFkqGY=","oxjKfOTxiatZOeZuLn45XaLFmWdB3KcaQvUYvfuJlrA=","Ovhv9Etf118Va8v/K+OqUkjJo/TkZsxDsRZVqxor11g=","JShnj13+Qxr8zZjU7Ml15Wzfo+sieaUS12r6V/K35kM=","IrcbJ8OM3B4LmZCY/UYV+aL1aY0lkLSoMOAUAX7NoKY=","wSWZgdu6VhEtIQMNEueKR/WFAFOooeWK+Ko63/JeG7k=","sX6Zm43hiGlzjR+6XcxjBk4QFXpWwrLS9YYbiPJN/Z4=","bwftacLHBqdXtj7B6aoDlwYiJu1Xrq3LFnbhy644CoM=","FUaTCf+dbR5paCm/kgAA20OkHa/m47bkrvv8bqxI3BU=","gFQVkMIUP3g8dXTNP8D0Q3Z0TglEtZQvGWru3yGHWTM=","DjOe0SoeMJWAHY2gOf+8DGG5p4SBnzDlGzorX+E4NXQ=","YqMByvGZwViIjrX5mvdHBoJJdYQDUqol7lmgQxXDHZ4=","F/203zsGRhMCKsDdSjzZDXxRboJ4BZTik6jrGnT+CIQ=","dQ6gGAe2rF8Qk4wn95YyEy85mcvZUSN5UbZa2bl2jFs=","rBdvWXwXhcc2100cLxGMEoPjpLkHiUrpNSDGZ0Vf2OQ=","i9PETyEGZ8i045jIbwyGeEr3Y4BZsnT1XPCHjF50wNU=","kUeo+C5AS6Pibtywei7WmlSa6lsrm5nnB/NNX6GVmao=","i/YIDYigBcHhngeIEUanEDxIb2j9ALmeygDbCOmRki0=","K0RCSM/CCSClEBBkZKu5XC/SxXYGoOZ5vfYKWR0KZLs=","j9rQMIqE4LzSe6jc0JngBXAs9u8I3luN1YSGAUlgU2g=","v6CEUesKF5jQ6rTKY42/WDijO5ryvouwL8xugO4HS6s=","bUbEsuwOnK3bYouVdf46RdLT/gdEiGFmKjrqrmNVH8s=","HRXj2y2iyXF0A0t2WstWkR0DcTF4P0FqghgmN+6Z2hA=","6QCs9xWMTONj1eWKUbjaGHinQMxegbQsTzemScbyzro=","Z9fbIwnUJ9Q4g/UrNOW/lHnB6SMOoyPPXah+D8LC62Q=","gP1vSictYDIE11qTq7bI4aOUD5k2DLb50FGrjcVUYDA=","UXTWiCaUop2tWFQHwQxFbSwSH5X0u36cT+vvMe/y0Sc=","XiT09z/0rJ/jRNN1f8tT0RBTGzkcvZhB8OWl05mbm64=","NIno2gYp0yqWKlUg5Js02PxCmvYOzzyFHC9pzVbxXVE=","4QWQGzC3G8A01d9wCZK8uRuyo3cuY9IHPIdnQGJQ0Ow=","u9HJtz56BSZasq0nbKn3PxTFAksjevhPUUyZUOsl3Ac=","m05Y+TkUw4KFd3BJpp8rHKJf8AJRJ/nLC0qHGx7phh8=","ABr8hEBMJDfbT9cRfpCcidpm+HW99A7hFz2xpPMr71A=","Y0EY5itTrr3SiTQj76LCHExynZO6mQRYu+AwXxyJXyU=","cXhWai3qdCuwCWJudVtyL16IvIb6evOujTN64ZHcEXY=","w5NvxtiIq2LYxYtKcbZ0G5/PQ9YH8Xz9uKVDSgBaQXk=","fpq6+NDVgX+QBlSJsjzPtPnHFhHuZh6fa6hjSYdVynU=","DVqKZkzY0aU++tDn+xaLuyBDKuOtEiyx7wFWsZ7p/TQ=","Ya9jhF8Apgc47gzbeKUMoyUIWpTNOPceR7HHrvlPGbY=","xQOlDZzMe0T2tRZQj1PyI4f0+BKfwNBfcG7jhSdsmkw=","fX+nquJBNLoRnPQLa/oS28q1XeD/tCjIy5SnPoLJzNU=","LNAw6W4uO8puyMnuxF1dKf5WpnEJ462ph3mhldqmViQ=","Ky4ERZTvK0dJ8Q0ARMi/C8QrYzc+XeSMfIJejB+/3j4=","FMPK0+y3hw0HhaupqzM/esDmUQVrMctckWbxNGchtVQ=","CU1KXCpTyKigu+gwEPLzXSPQVwTid7nL1HjC5xNNaEM=","2Jg3JqFTvjl0bzSHsoactqQitvUSAln7F+h6Y4jcXg8=","NvO27N2ccxKcxvyfrB0bJghVNmOaKZBOVhMgTMNzVrU=","fr1iCF+3EgJbYKt2j/JyC4AHqMi9Li18y9+q8fIw/hc=","u6bdSfxSg6gzqFtSeiuQAsBX2BytL49ZdoJuMOexPH8=","hd/RhP4c0aCm2f87pLr/u5dy7QgZk8UINOt5c5U6iG8=","EhcOS9DOYxfL7wM9tmFoQOmVlL697r5yD77s41guVJM=","tHLv82yVeP7MKQX5c8lrcLWG1olBKuqGSeL7VdG4+Ds=","YEq5HmdB33SrJ2GktWEHkjhUTIvoOxVkuMbE7AYisLM=","2nRDD/0XlLGIHRl2QNlLonCuF8hE2aOJEL2mIKKvsn4=","pdmTwZKEZCatLCwLlG/O2a6big/ppbzJXQuj43GMGGU=","vy5Sk+w5f+w3ivKmRWDZqFqoHzRjSdlTfOxW0Ka3rqg=","PpzD5bhTSgxgVAYTmA941ObpIz0ACm9loEdJ6vnWbUI=","H7nz442Om0Bz20Z9M1jjtupr6DJ+VhBaMtHiKn5+iEQ=","ChuhEf1pt9wR/tRKvhK1/LeWF5WXewZt71bL4JsU4fA=","NxA4t5V0s7biMxmBAnSWWwTskIAaEHbI8gTaYlVPL7c=","nLA/zBuA1KYLsU/hlcvNoei5YPuLxVLmeRkp0fxsB6g=","OQRBMIrLVaoDph7dxq/irA4mH/3FmH1JTXiQXHY1fxA=","eQc/bgFFCGlmS8mgqqn523S55a1f0poE4boIFCXwJK4=","z+sRN8OOaz/eYsn5e0kwLwl9CY4RmC4H6Lni95Zhv1A=","ly6AYi0csdgFXHwFVaLX4aty8LSMod6rNUoHqlJJxuQ=","WQURFwhHzRLdfFJwEe5YWL2HMgt7zLTfHE6fmDJ4/Z8=","uI7Myto6OoKtG6f6WNK8h+eC5I3juHJgNfyvl0S3zZk=","6DyVvBvK6thTrx7jdQABUjGjM0DqR5T4T8fssJOo8Ho=","BN+FNo+CyksAV6bsCO3+y04itkVlV7Mcd8aIlxVFKjo=","/z8eEhqcHJBGu2Ht9unVA4ielnBRB9hNz1GvPGV0Tls=","251l+VePNPHSrxqeG5W9cPW9J8S/0phjP4khzEQakWE=","ukNrIN0ayaTy4DmzEtQE8Upi5N7LfPdK5s17WKiA5pM=","dGGhMeW7nM2D49ybGpQb3/bfoSS9lwJQ0rfE3D7mCSc=","UUgiNd4JQ8PMXh/avtkUqlhDA/NhDpxJaxhtgXf9/xg=","bOFLh5bXbE4kh5CI925df0UYfnq6PmhJihTiFgNSouU=","H9OZoE0Bxi8UMRc7sAHPSpcP61SOpVqz7JLHmjh6Wu0=","KRyz6Lgo96gX/ZsjzAzA6aa6eV69NNXVeF3P+CpXX28=","x1fDvaJpmmhkIwtHLwVMWQcHobAFvTKxhILbKoLy08A=","5vr70xK7oS4ljCWm7SF6SGemSZ6NPzjzWG79ouU2wMI=","7BuvoPCouFb0zN73zhG+FC4G3KqCth1xRq0oyfCl9eY=","LVYYruIlvTG747Uw7NjgNTbX5tcFkezInkFj/rT9cpg=","A2byibY8HPWMZhofLd22YlWtXXXUEcb9+/NLv0S0wCA=","+UglsNyk787FvsVWw9lrfByhgwmF881QDCK7JEB1mQw=","c31hR8u07cbmFqxRgeCZswGuKRk8WvlliM1tjTS2/o4=","/Fs60lsextgpVBEiaCO3kysiUxTgvRLL9qFAVu6KLnU=","4zdXk2R9yfUYk5v6XtxY4c9234w8OUgh+S53Ovk94mc=","yTUu39mrdlMiaBsPcEIoBtgiXLR6Bik02GG4xbOSyGI=","bUbUlq+dvK7sh7v0Grfygr2178+oJt0LSCtJm6iJKqI=","97C9GoY8D+2gDGiHTMgMBJCxAj0BlkIT6Cnr5qnIuOo=","eFZnYLnHqDlaPOBqvFcoDz4iwYfVFcjChy+Y/Hwkams=","7O9eUIGvNXHw9z0wX6YCnRvJa5zv6Q5/KxhobMPKGho=","rQmEjjYwaLWqV4fYgalgbKi3AgSYwwkVwOLvsy3rtCU=","bOTiiqGPggaE8k84+AK1mFmRH3boiX8vI0aVCvI27Kw=","UGRgr5d6P3vpLWANcZr8uMS9CGiAAwd/uGRPBsgTdpo=","WggEJUNQ93LcEUXWFPqTcKcaz/M57MecW1P7CzspGvI=","k+1aDL4zjEv8mV5OlXHFvF+0s34hnUHSESm+6IwZWfA=","qdE2SDnXoFkTHSCzPeRVKTisN9ivBcrRo5vFUS0tTLU=","zC7iWGW4toIxO3/BLbKY4rlKaHuh801LwSm2d+GJYXM=","SfisuVvRF/ip5wDhiSHaAnVAIGMPBtkkwusTc7QhlN4=","2C0vBAOrRuQzorLgxLUxEPThrTIJXZ06oLhq2pbPqvY=","zdBHSJmm7cX7PrYHfPAwySTbe2gvj2ZhWQsdj6m6bqc=","g2zD+gl2Ig8b5cDES/Zk/FMBAgc7S8TFQPF6JyCzhgY=","QvgXwOFAmmXnFQn5a+LpimNtRj5/4d4ejQo+xd/ZCq4=","BOgbor/bHapd26wis3LbDGhrw8QtRmm6dhu8gOHX/lg=","2+ZxJWCT/QXN8tunjK9WSE+dEtkXiq+Rk7VTMcfDTW4=","JjuVbn9ovRiK4typa8WdrjWicCch9MWMwp0DKp78/ZY=","VAF8RoFqfeokm5mp6gcDVeikKSESl/HygE8M1gUV2AE=","6kpw56X2hzGq/iEqgVjpvtBillTx2G4MEiEoJ1J0Q6A=","lJCmij9HBtRUJhpQa1jfXsn6j7m8k7EVMs2T9aukKxY=","d897K8JqfEV7wqRfl3xVmRVsjD3EukTWpua/csng40U=","BIWSs6CZZzchGdL0Uxmzj1g5sVfY4c085LSsowR/4s8=","V/sV1juBOd8Y4Vd1TN0LqEWxUPuvD89PxzKrdhcPATU=","4pNP6GeTapVMvxyoBMF06X6RoT7bu4S6PdAD+o4Xl6w=","4Zpt+NAnMCBFvKhXLUVJUYlDzxD1nTtuA5d5OHhMMrI=","RISuG8C38yps3AM2eO4h7C7uK12FjzBlZz8F39pOWrM=","5/ejKrL1dj1IKvZ2LXnDgeBjmGw0E/TSx2gq9tP44WI=","Ca5AOijWCl/J86guZ/Hh4/+s5TOFWm8JKmMNtTf+gNI=","kpnYu+LN1YS4bVAGl1mABkx8z3Mo19/KFagyAnih8IE=","z3/6r5ElDFJaC0eGfUwKWvGs2L3ij28l1KPIoehUysI=","ISMdboIjQhxlfFGHxhHIisdsOa19gNONq8NlXZ9tu60=","I0OFFk0gd/pguaByFbAiqE6iMB6TjVRuv7NLCmpDlQ0=","s1n13Jz1qgCVbvRu8ETi74UYTlpDOqMMFAx6hEhlgyQ=","3Ih6sKEbEOPPp6Kmok1ZxOSniRfRQGsG5Qohs/ifvas=","jrHMLqGAjT6eDnwNYib1/H7A94IgHjCZPd0EN0lQ7ZA=","S7SJarIn2vY3m5yLC7n7uOvsvkdE5O4n8HxLGJCCTLI=","7Rd/G4bvn0+b8caJWf68GAfpWZCXXMeTWiYxFW/vc+c=","TdxJnwd3lMlADTlzhuLggka89KCqOgoGTGSQ6cSMHhY=","KapvgcxESMUQ+btRqfQR3GyzgKnXm0bE2ohznVuJuCo=","TZihhYNMR9Wb+bUk2RUbRn6ZNr9+NOdGPmgKIOhhmxM=","fxdBIVMaetbjV2ccC+IiPQsTXLcNwQpZPKSAvIERksE=","442m1R+WeZWKnhAQAPEhekN7fY7T0JVzMQK+Z9O/UvY=","4L61Iry1QF4cBh3l+PZh5TZL5Rtb5msEd+E+EQI3R34=","SLax9adSXhwJtVuvh9bZt2Lxxfw+KrEketca7ZNu5rs=","V8X+/Ji6vRwyhqzmz7+0uFZS51c1xvNGApFTDUuzmtA=","qzh9eZhMmPv2o24xodE+16J6Be/8Hy/z7sW6V6FWBdc=","CjLOR26HOVuuwR87MziSsxtM0pYK8XkxOwmyYPgdy1Q=","Jdqh2V7Et03eqxxC0ZEr+0Sf5EvsJgkFV0fCjEFtLwU=","Zpudsp8IflC6eOZqXfxJYRonVR7anZnFJrhPKzPJUxY=","2jjjt3deamjmfGyUdA9POkRPq17GebPcauGn0d2/HTw=","6PPbQgQXXRK1JXBD1dtA5ubcRF2v0T2nGNvbvlb0N+U=","HBF5xJLJD+AzB9UT1p5TehvgZ5Ay1VQ40Z5DqrHkjSo=","1njrD088cf9m9hm7SS2JhHKlzShnBKFY1dg0QsifW+s=","3+BjBTWpAmlFRwMC2p6GccZlLjftgFiz7PhxXz58SAg=","EfB7f9Bg4oFVJmrMAnUiIct3BaDwGjBmpTqtDqMdgso=","/ppoRTg0rAvsyclGFb7Ykipid/3CBwtc7okBjHgu/n0=","MJG1ILxWBbA0pdohIiG6xJMTJp9Zv18JDEp9MS+gb88=","y7ys95BIIjygtgoFMuBK9nmd86vCYFScX+tEQaTDfZY=","G5RQ1+uTSvsDbY1jPfKNT1MlCTrMNKSAOgaOrn9jhGk=","bJq6yY/V9NW3yfGVvVILxW4QK56oYeSFcaI5seD1maI=","D8rhOGMWrNV+nXn51a4wrovkYf6pVnQC6qC0q3+8e5k=","CaR35z9NiE6PZ56WoD1fmqyXbo7Ljvxplq600btOeMo=","NB12/tTm8t0jsgbnXIIAtt8/1Xt8wTI4dqfwcoAw8Ik=","NtrzrWJVejBi08Rk5dUawgSIZ+0aeoCSxmjzg7K4mSE=","1K1RliNkHDg8bm1QXfGZYpHvkW1tcNiQAF3TyrtWDGM=","KPtnibEdKwyA6YeqeZwWgTLwbmN7Cp9ZGwMwWY2J7ck=","2d25Ikej58P8X69hisZg/P5prRINMgEp0IWSvPS90rE=","q99yUKJrY8nAzE/2lgl4En9dVX5JZmfXiNH0O5sDOs0=","OllKzDf75uDBL/Amj3HO59BjXred5wDxSp8LQgK3q8o=","gkQj/cB7HHCmd842uj3w8G5XTeCqnl0TV/gQbcUguYA=","T5zHXQcKRBgOmj7BxH+ybpJbvgE7kptHo8WHTPVKt6g=","KpFApk4I/HSpmNToleuokIJ2wUlG+6+UcE/dxIxlS2s=","gK4ea+WZsXGVdEJ/bEoEHTBIMvvV6OPWPWfHTsgKQ6I=","EPkfosXQq6F1xNHe54hsLOtIKKxb2tLWrlkKnaaMrG0=","PRuzr9ls9NJbtXAB9nImOd5xOfJKbZ9lKHquIbzosug=","dL5NhHsmiaBAduaiD3HzcPoF1Vdc3upLpql6qBZHmf8=","PUP/XtvgTD1j6m6x+B5q7Xt4g/Egk7hoTcUXV+GJIIk=","w4PoShHQoZCmMfXsrZdbQtoyixJianvclq27N+0K8Is=","U6MrLfyGMQUE/7bU8a87WD3u2p/txPHspkLHfrikR/Q=","64x2xtk6TnTmQIMEAYWymnUKzKpIVT7sjOop2S6HmTw=","3TH7soRINNywC5yWyky5fMqTQWztAAYgIcV+dO4lNUg=","7o5NOtWa2LbEKHH8Icu0LzW2ZzB/5iIpqh7KxAuR5Uc=","h/tVEj+uhGiHuY13WwUOtwnd5rh+UH7NjjCI/zQGqIw=","lDa2PUmBwSKjsij/2E6dLzmEDMAmNJtmVaWJi1zLcFo=","Jj0+SOQEYngCClwrKRtehCQg9khQ47S+n+/c8aVLmjY=","EHWcbvuQNLfk1vrXRMzSNVL/YcjK4CBs59+qnwfUnVk=","WYzpFwWSzXvFI26fYPwWtOZ4QIVFYh+3N5jFr60D740=","Nb6viYEJnnKiW0PcEt3TZ7BYZsc6RJ5OpLLHHU/TqWg=","ZkTaDtU1FSmdQlFHwBN3BNRzu/AWQsPOaV9DBhEzAHk=","vCbZ5CF/k5+mCyO2hLU/E5x6fEPB0A6DxlQI7cuPK6w=","mR8uwuhxSurRYM5MH+MyqZEEsuhjOVHrYHqBlwPWcRg=","U0JkVKLmwPLtVb480TVYKAEa1cO7OU3S8Hq9RxPX2/o=","EMIz9O6N99UtLxSNpX2z/lPYyojFlc0CjsciDD1QBKY=","JSOnjYJsuWMiQl4YUeGUZbbScIlQRwwMfR4pPAj1ht4=","XITv5cBFD73AxIRd+EYwtlF7SCPKHjPpBIeinc52HXM=","tyt6gETu+zieKtMZ0u1OXrEQS4ZYEJKIJi7zwVHL7FA=","f2qlnjKGfULRHMn3rmsmEJY0CkuOAXdOrxBRQthhcoo=","nAt0J3UGqL+tnNG2rvvCkd+XRhuYPoKWs3xNlk+fdZE=","9lTkTrcHMPsN85JgxRW3j7DlaxbFuq8YDuJXbwp3sK0=","yJ5TkA+ZI/8lC04P5G/osHs/jcTEq6LpZkTS6NUyQoY=","a+XNqjBDPiwO4HLQ0IvbzTImwJOKtZIuuFGd6BUX6jU=","vIJ1P3Gduvu42WLr/W8eAWMTiZYdPg+/0iiykPB2CeE=","uoiX0OqUuI2ZwfP5NVuVfkxGMDTqgHe/x9LBygACPls=","FbHXJc1CgV93pV+xiAJhCu6rPf603lnfi5gxDrK7+1E=","q9mwnXVzNbxSNdQNNSPrgsMZOBdMcHh6XYHtPqkFU98=","8B8IPg5U81uTVMfEZx/nk0mxod0rY0OjMEI/amLoH8A=","/fNiazRUI6C8ERk8sFmPpRGShDXoHKfh1CPHU2UngQQ=","BMJsGb60jyiMsgMDxHUL1Jzy6Kq0+Lk74531ZLFO1so=","LEtD3IgDtayo/f+eylT4q6QMYfAnFVfCyI6qd4PFQCU=","yuqmWk58lxTU8aq/YLjERmPcn2C3S/Vjt4rJ9PuiEhA=","QkP4qi8mX1JY+7QgJgIn79HMHyk1yRnp6856gGjMNxE=","B+iXgdJ+ux5h8j1BH0N/YA0mU1tnijTtCG9jWPGdGEQ=","2RWeB8AzvmJFyPA5/PMvqBpf21l8IsMbA63j2ClQRIE=","Ha6MkI977aoc8DMEOLV5ItwDpSfrYNWGNgDVYnk/LDs=","SR8cmyh9U76WsOrVRZchVOvLmb7PsHzHbDJO7Kb+4uk=","Zr/GBLJvuOkOYwa2gDjHfAx/DGJE+J3anBBtieodOpQ=","qjnJ8+qe93YWp78TIgciC+3ZLFwXsyE9wddiy3/rpsQ=","W7672endkOeZtC+xcSguRfIOx+sEJrNLXNN/UuPsiX4=","nMbUZ+vShVlQi5X3rn4rtZjJTQqFBS3LrVsW+oUYNU8=","X4z3sYodv8UtT4giPgfiGJhUBqGVeAs7hHIFYoNOies=","zhIrfVDsfAcfMYblgWls2zWxnR/xmgrzbqnXTvkDzg8=","TiZBr6mEUaFWqleWEr5iVr+8OlHfMYZWYEV0ZZBnofc=","itik4S+q3wsfJKo4mTBMOulL4T2CNVi1qP6yX1Tq85s=","LWYyUJYSDW7IWq0skARLiQeAsPim43hcrwL1MUmGjyo=","M172LcOFdY/rsD9XnuNs1btjKVlNQUlv74Nng5FyqmA=","/1FTqD/CPMYdLFaablaknfW41P417ASbQ7M0xoL5o0Q=","piYj8QgesdPYk9KqSJ1gvfxetxPVQZuH13rLwtjZ5jE=","dEl40GMJ0AE2xH1ETXhaC7JNQ+y7n3q/nPPsLtxPFgc=","IwhWn5ZQMVhq39e8Rbwq7M6iw5z7UMIoao71Ifw4oxw=","sFoPmrmioo46w+GJOA63k9RG5glQlOorx7lGDb/07OY=","iJab5X4eW3wNfFFniM1AufrrnVt8KCX9hQ8nD9lNRsQ=","u3S7cQ3Piokxy/RpTNnJlsV3H9H4p5AE77/zF89XEKc=","Hjv2G33TtnrR8DgvQUYzgKbDOfSTpcNmsp6xFSRirhk=","K2vxzOs9xbh9PU8Grh+bg+L2kXJffoPc9L1f0b1zbRw=","NhP3P75arV+GkUcfSHb0LqihPwS3jsYAlKfEQHB7qsw=","j/SWq+P6L8FoskGydP899RbWfYrBPdsnshvHmcnzxJg=","Et7Jk2joZJwBFRX/7jDW2/saAgW5E86vZyCpLs41TSQ=","RUmWPeXpsTsHdOBDVvBMq52br2BmtKgK2kdvDcWo7FU=","l8keSHsl5gcyXd5t376gllLzSlpJrjYjMA36Jm+aZW8=","TQ8eZ7jvFv5HS8EFPMjzX2pb/uqRmaW14gLzVCcUWJA=","GvvdeQ0j7XSmlUOwJ1pUTujQTB3nXJyGUQ78PQYMeCY=","thWQvmRR/O+BpEV1DpY5MEaBg+GVC+t6MwDTMnuzWhw=","kYt+0o6rVE4XxEcf0evrSE8tkFw4n7uQQZnbfxSIqGE=","dckMF2I/sOu10TZJHiBK+zwi9dEYldmbHwhEQo0CH5Y=","IAy8Mt6vkzwqAdI5T29ynbao9hJHmRuykfP0aJCBi6w=","FadJMt4ld5DSYBBoH2itgiNZg0Xzddjto8hVpGMCg7I=","Jiih7Qiol6ytIjbxVaduJGgS3hjBp0NTSbcBg4djDnk=","lKfA1LMpRno8zjLDwdAXuSwyAUbRB2Ts/ZvLsyJXYeY=","5BThBH4sn46DHsgNJMzCCppzGDgXo1fMm59WncFZhAs=","CKS2ZEOe5V82Jels3LmHXyWwzdLRz8WdtaqRUYVlS2c=","i6tzq/eYvG+U668bbA0Ag0e6ikGQVqdo70IgfkO9oyw=","VcrKTg/GSb9r+mznnPBGxSiYeXdzcKvfiawVh7eJgeY=","lb6Q9aODIrpUgredYAzhKnxQg2+LwqeJ3XXbzA69X9A=","mndIy3VvtF8uWdhErW2nWVp2On0oJGuv72/Ya3exxrw=","sjeV8yP8xJkmbJrG2Zxwke+3rnywjKsrBxUUFONaEoE=","yOQQ+uqUw94vNLhNv5ahjjHHvb5uIY4AIIvMmsfKhyg=","GB63PK5uURO0JDpQWPoCMYe2vy/EoWwwUv554R4ifBI=","XRGeGt2V7Ut6y4ISQDNjsz4DtlJMJUrpaEPEZxDN+E4=","VQKP+gZgM63IgplHN7FVvUwipADxPTQoEiHkJGrCp+A=","f0zKOwNOpgW4z1kyFlG7NruPmJUI7WKxsRf61lS/434=","vveOqN5lx7znlrdzV3vlQX6ILFoKoSgtbcw0xFYQVZo=","UF+5cWTOD57qLFdUnHjNhSJuiuFLZT26xPESxbWZdYQ=","gt8ERlSM2A41cKSMGIwT0kQpBXsNLbgCoFdnNcT5po0=","Gu6Y7OwpSHZAnzNt9Ryva+nJyB8/rKzYO0UYyBSyO0A=","Ti4svVdsgh+aiPdqi3Mm5eIiCIhahxBe4qAuyzUeRc8=","YYyi481mlIAgYLyiTInwzCfZFuCYMge9MgH2NETyCFQ=","HcwleFPRsDTByukM3GdIbT7N6Kv6NRuCEgBIkTMDodY=","cLzpRLncwHi7Sb/aT25B1L/QhmAQQnAUnb9xkn6Z3fE=","790nYdqy5lcs+Bl+5I0/kknvDaanOKP43aFtmvmdSbI=","Jz7jGReT5SsYgjPUIzGWjgoPuKXIX9DTwQ6CZuvKKWY=","Vx42B6uXG67Yj9HDDX84/G/Dl3SfhIcCZEyzW+OgAXk=","0eBpoIvVzUybCxP5/p1FvlD4c2oi+mbbo3gBPe3i87c=","VWfwOZoDwwfGJdmsfV6PC0qrPr6hZb4yMJxWN7yVW/E=","MO98VkEauXFBzlk1FNlmdJRiJGq4mNVFE7npg9F+8nE=","lZ7UaKOFLkDfBR7PKSS/dzhvn3ebu17ReG1KnxVB+LA=","Wnnx+wu1Pr+IP6yaBgZPI82V3yEWj933+d3/DCVkLjw=","tqE5vF/oLsJStgNO5/5NIweYxHke8ox5ReghNT7uoBg=","fgaRH/VZRCpj++SGQ+XUpAfyHa7y+x8ZWLXzw3ACjF0=","ppe3rszGpCrswCBmmf1z6nHSMPA5sE71STVoGOYlqmQ=","JDH7QF+t0ldyaGFwPs/8b/DPH3iJUm61uQteoMxfbtA=","Qi0a25SxSQ76c8zKxI734+t0DW0AF0ohEGYZQjWgqfk=","Me+kOkJYGwYowVVQb+w+Xfpz9fu5/Vq+RPmuQXomPxw=","2AnGhAJ7LRdFGFfFx0eTB7JH5MY37EdDkR/59UJ9nvU=","qAqxHhdH0G1iW6AbsZwZkhH2d24L1rkXcCAHwhFRWWg=","fMvYFZse9QuEJY0s8/vQMB3jsPaGGf7w+laQ8m6R7ls=","ieKJSip3PYKl+lfTE5kAIpg8MBn2vkFYrLNEe7vz1N0=","tb0ZuJsQZ4uS7LQ3atEqVlAw+csbCdRtlYZO5sKrBBA=","j+Md3Gc0sgRhi6QiziDt2jA+HQlWh6t40SZNzc04gW4=","HAqyYJsEab5SmeB15plRrcWIo8yOsoeYTFg3YGq/7sg=","/eEYIxWA3gYL2D+DjvBH7MYkC2hi/ApPjpC8mJgFD4U=","SArcbBK1nWtq1GGuAng55eHOerGgWIxfT9skRqZBbVU=","Sj7icQMRVDVCi27j/tV3OBx7/XKepeqpUF26ycXKfaA=","6m2N/U4yvTBJjLwM2EVMm5uHkvxcf1mP/bl0Cbr2LbY=","CfMDlC1c63iaYeFQPzHzrnEgzegkrkF1D3tlYkkAdYw="],"block_size":4096,"path":"scripts/lighthouse-ext-bundle.js"},{"block_hashes":["ujAVAKkfxUtouvXl4dfypVbkYLrHqYDGxmlhLk6xxwQ=","dv2vfOB2iLjpobXepDFo83OqdFLFVsY7rVIU0Y7XjnA=","r/P6B1eVZrHv1CtuhzOLPZBVckLQelBxRqLQuc3PQi8="],"block_size":4096,"path":"scripts/popup.js"},{"block_hashes":["aq1A4Srfbgq5A3pT9l2s/5+WTQSXVv6c/W2dnDkH8Fk="],"block_size":4096,"path":"styles/lighthouse-loading.css"},{"block_hashes":["frE5CWnbgDL28njsqj/TOWHOhhEORpsidzLiqbQ+jD4="],"block_size":4096,"path":"styles/lighthouse.css"}],"version":2}